{
  "id": "a50610de-f148-4a98-8516-e3512f70c362",
  "generation": 3,
  "iteration": 12,
  "current_iteration": 25,
  "metrics": {
    "score": 16917.611233293857,
    "geomean_us": 59.11
  },
  "language": "python",
  "timestamp": 1781045204.8567288,
  "saved_at": 1781045342.387292
}