{
  "id": "a50610de-f148-4a98-8516-e3512f70c362",
  "generation": 3,
  "iteration": 12,
  "timestamp": 1781045204.8567288,
  "parent_id": "8ad82f78-a77e-41b6-bacf-6bbe4e9684d9",
  "metrics": {
    "score": 16917.611233293857,
    "geomean_us": 59.11
  },
  "language": "python",
  "saved_at": 1781045342.391855
}