{
  "id": "c7b8f96c-30f8-4ebf-9e57-559c9fe890e7",
  "generation": 2,
  "iteration": 3,
  "current_iteration": 5,
  "metrics": {
    "score": 16799.664006719868,
    "geomean_us": 59.525
  },
  "language": "python",
  "timestamp": 1781045090.2772214,
  "saved_at": 1781045116.445467
}