{
  "id": "c4c695e8-5609-43e5-b167-eb77d159f7ab",
  "generation": 3,
  "iteration": 9,
  "current_iteration": 10,
  "metrics": {
    "score": 16805.59290131756,
    "geomean_us": 59.504
  },
  "language": "python",
  "timestamp": 1781045166.4597526,
  "saved_at": 1781045181.217385
}